,loss,accuracy
training set,0.995713472366333,0.705027163028717
test set,1.0345618724822998,0.6894985437393188
